Date;Open;High;Low;Close;Volume
Monday, August 31, 2020;24.20;24.20;24.20;24.20;--
Friday, August 28, 2020;24.26;24.26;24.26;24.26;--
Thursday, August 27, 2020;24.17;24.17;24.17;24.17;--
Wednesday, August 26, 2020;24.25;24.25;24.25;24.25;--
Tuesday, August 25, 2020;23.43;23.43;23.43;23.43;--
Monday, August 24, 2020;23.20;23.20;23.20;23.20;--
Friday, August 21, 2020;23.11;23.11;23.11;23.11;--
Thursday, August 20, 2020;22.94;22.94;22.94;22.94;--
Wednesday, August 19, 2020;22.69;22.69;22.69;22.69;--
Tuesday, August 18, 2020;22.63;22.63;22.63;22.63;--
Monday, August 17, 2020;22.56;22.56;22.56;22.56;--
Friday, August 14, 2020;22.32;22.32;22.32;22.32;--
Thursday, August 13, 2020;22.44;22.44;22.44;22.44;--
Wednesday, August 12, 2020;22.36;22.36;22.36;22.36;--
Tuesday, August 11, 2020;22.09;22.09;22.09;22.09;--
Monday, August 10, 2020;22.41;22.41;22.41;22.41;--
Friday, August 07, 2020;22.55;22.55;22.55;22.55;--
Thursday, August 06, 2020;22.90;22.90;22.90;22.90;--
Wednesday, August 05, 2020;22.87;22.87;22.87;22.87;--
Tuesday, August 04, 2020;22.85;22.85;22.85;22.85;--
Monday, August 03, 2020;22.84;22.84;22.84;22.84;--
Friday, July 31, 2020;22.48;22.48;22.48;22.48;--
Thursday, July 30, 2020;22.18;22.18;22.18;22.18;--
Wednesday, July 29, 2020;22.25;22.25;22.25;22.25;--
Tuesday, July 28, 2020;21.84;21.84;21.84;21.84;--
Monday, July 27, 2020;22.01;22.01;22.01;22.01;--
Friday, July 24, 2020;21.83;21.83;21.83;21.83;--
Thursday, July 23, 2020;22.14;22.14;22.14;22.14;--
Wednesday, July 22, 2020;22.61;22.61;22.61;22.61;--
Tuesday, July 21, 2020;22.70;22.70;22.70;22.70;--
Monday, July 20, 2020;23.07;23.07;23.07;23.07;--
Friday, July 17, 2020;22.35;22.35;22.35;22.35;--
Thursday, July 16, 2020;22.26;22.26;22.26;22.26;--
Wednesday, July 15, 2020;22.45;22.45;22.45;22.45;--
Tuesday, July 14, 2020;22.44;22.44;22.44;22.44;--
Monday, July 13, 2020;22.33;22.33;22.33;22.33;--
Friday, July 10, 2020;23.29;23.29;23.29;23.29;--
Thursday, July 09, 2020;23.42;23.42;23.42;23.42;--
Wednesday, July 08, 2020;23.08;23.08;23.08;23.08;--
Tuesday, July 07, 2020;22.69;22.69;22.69;22.69;--
Monday, July 06, 2020;22.78;22.78;22.78;22.78;--
Friday, July 03, 2020;22.44;22.44;22.44;22.44;--
Thursday, July 02, 2020;22.49;22.49;22.49;22.49;--
Wednesday, July 01, 2020;22.33;22.33;22.33;22.33;--
Tuesday, June 30, 2020;22.07;22.07;22.07;22.07;--
Monday, June 29, 2020;21.64;21.64;21.64;21.64;--
Friday, June 26, 2020;21.63;21.63;21.63;21.63;--
Thursday, June 25, 2020;21.98;21.98;21.98;21.98;--
Wednesday, June 24, 2020;21.62;21.62;21.62;21.62;--
Tuesday, June 23, 2020;21.97;21.97;21.97;21.97;--
Monday, June 22, 2020;21.96;21.96;21.96;21.96;--
Friday, June 19, 2020;21.74;21.74;21.74;21.74;--
Thursday, June 18, 2020;21.80;21.80;21.80;21.80;--
Wednesday, June 17, 2020;21.49;21.49;21.49;21.49;--
Tuesday, June 16, 2020;21.31;21.31;21.31;21.31;--
Monday, June 15, 2020;20.83;20.83;20.83;20.83;--
Friday, June 12, 2020;20.62;20.62;20.62;20.62;--
Thursday, June 11, 2020;20.23;20.23;20.23;20.23;--
Wednesday, June 10, 2020;21.14;21.14;21.14;21.14;--
Tuesday, June 09, 2020;20.92;20.92;20.92;20.92;--
Monday, June 08, 2020;20.95;20.95;20.95;20.95;--
Friday, June 05, 2020;20.80;20.80;20.80;20.80;--
Thursday, June 04, 2020;20.41;20.41;20.41;20.41;--
Wednesday, June 03, 2020;20.89;20.89;20.89;20.89;--
Tuesday, June 02, 2020;20.87;20.87;20.87;20.87;--
Monday, June 01, 2020;20.77;20.77;20.77;20.77;--
Friday, May 29, 2020;20.67;20.67;20.67;20.67;--
Thursday, May 28, 2020;20.33;20.33;20.33;20.33;--
Wednesday, May 27, 2020;20.39;20.39;20.39;20.39;--
Tuesday, May 26, 2020;20.43;20.43;20.43;20.43;--
Monday, May 25, 2020;20.66;20.66;20.66;20.66;--
Friday, May 22, 2020;20.65;20.65;20.65;20.65;--
Thursday, May 21, 2020;20.43;20.43;20.43;20.43;--
Wednesday, May 20, 2020;20.63;20.63;20.63;20.63;--
Tuesday, May 19, 2020;20.32;20.32;20.32;20.32;--
Monday, May 18, 2020;20.23;20.23;20.23;20.23;--
Friday, May 15, 2020;20.09;20.09;20.09;20.09;--
Thursday, May 14, 2020;20.02;20.02;20.02;20.02;--
Wednesday, May 13, 2020;19.75;19.75;19.75;19.75;--
Tuesday, May 12, 2020;20.00;20.00;20.00;20.00;--
Monday, May 11, 2020;20.41;20.41;20.41;20.41;--
Friday, May 08, 2020;20.15;20.15;20.15;20.15;--
Thursday, May 07, 2020;19.90;19.90;19.90;19.90;--
Wednesday, May 06, 2020;19.39;19.39;19.39;19.39;--
Tuesday, May 05, 2020;19.10;19.10;19.10;19.10;--
Monday, May 04, 2020;18.65;18.65;18.65;18.65;--
Friday, May 01, 2020;18.24;18.24;18.24;18.24;--
Thursday, April 30, 2020;18.90;18.90;18.90;18.90;--
Wednesday, April 29, 2020;19.12;19.12;19.12;19.12;--
Tuesday, April 28, 2020;18.43;18.43;18.43;18.43;--
Monday, April 27, 2020;18.75;18.75;18.75;18.75;--
Friday, April 24, 2020;18.58;18.58;18.58;18.58;--
Thursday, April 23, 2020;18.30;18.30;18.30;18.30;--
Wednesday, April 22, 2020;18.32;18.32;18.32;18.32;--
Tuesday, April 21, 2020;17.64;17.64;17.64;17.64;--
Monday, April 20, 2020;18.36;18.36;18.36;18.36;--
Friday, April 17, 2020;18.47;18.47;18.47;18.47;--
Thursday, April 16, 2020;18.22;18.22;18.22;18.22;--
Wednesday, April 15, 2020;17.88;17.88;17.88;17.88;--
Tuesday, April 14, 2020;17.95;17.95;17.95;17.95;--
Monday, April 13, 2020;17.39;17.39;17.39;17.39;--
Thursday, April 09, 2020;17.25;17.25;17.25;17.25;--
Wednesday, April 08, 2020;17.34;17.34;17.34;17.34;--
Tuesday, April 07, 2020;16.69;16.69;16.69;16.69;--
Monday, April 06, 2020;16.97;16.97;16.97;16.97;--
Friday, April 03, 2020;15.73;15.73;15.73;15.73;--
Thursday, April 02, 2020;15.92;15.92;15.92;15.92;--
Wednesday, April 01, 2020;15.73;15.73;15.73;15.73;--
Tuesday, March 31, 2020;16.32;16.32;16.32;16.32;--
Monday, March 30, 2020;16.52;16.52;16.52;16.52;--
Friday, March 27, 2020;15.89;15.89;15.89;15.89;--
Thursday, March 26, 2020;16.70;16.70;16.70;16.70;--
Wednesday, March 25, 2020;16.14;16.14;16.14;16.14;--
Tuesday, March 24, 2020;16.36;16.36;16.36;16.36;--
Monday, March 23, 2020;15.20;15.20;15.20;15.20;--
Friday, March 20, 2020;15.28;15.28;15.28;15.28;--
Thursday, March 19, 2020;15.62;15.62;15.62;15.62;--
Wednesday, March 18, 2020;14.88;14.88;14.88;14.88;--
Tuesday, March 17, 2020;15.47;15.47;15.47;15.47;--
Monday, March 16, 2020;14.37;14.37;14.37;14.37;--
Friday, March 13, 2020;16.45;16.45;16.45;16.45;--
Thursday, March 12, 2020;15.05;15.05;15.05;15.05;--
Wednesday, March 11, 2020;16.34;16.34;16.34;16.34;--
Tuesday, March 10, 2020;17.09;17.09;17.09;17.09;--
Monday, March 09, 2020;16.05;16.05;16.05;16.05;--
Friday, March 06, 2020;17.51;17.51;17.51;17.51;--
Thursday, March 05, 2020;18.08;18.08;18.08;18.08;--
Wednesday, March 04, 2020;18.69;18.69;18.69;18.69;--
Tuesday, March 03, 2020;17.96;17.96;17.96;17.96;--
Monday, March 02, 2020;18.59;18.59;18.59;18.59;--
Friday, February 28, 2020;18.13;18.13;18.13;18.13;--
Thursday, February 27, 2020;18.03;18.03;18.03;18.03;--
Wednesday, February 26, 2020;18.94;18.94;18.94;18.94;--
Tuesday, February 25, 2020;18.89;18.89;18.89;18.89;--
Monday, February 24, 2020;19.39;19.39;19.39;19.39;--
Friday, February 21, 2020;20.11;20.11;20.11;20.11;--
Thursday, February 20, 2020;20.68;20.68;20.68;20.68;--
Wednesday, February 19, 2020;20.85;20.85;20.85;20.85;--
Tuesday, February 18, 2020;20.65;20.65;20.65;20.65;--
Monday, February 17, 2020;20.64;20.64;20.64;20.64;--
Friday, February 14, 2020;20.63;20.63;20.63;20.63;--
Thursday, February 13, 2020;20.52;20.52;20.52;20.52;--
Wednesday, February 12, 2020;20.43;20.43;20.43;20.43;--
Tuesday, February 11, 2020;20.09;20.09;20.09;20.09;--
Monday, February 10, 2020;20.03;20.03;20.03;20.03;--
Friday, February 07, 2020;19.72;19.72;19.72;19.72;--
Thursday, February 06, 2020;19.72;19.72;19.72;19.72;--
Wednesday, February 05, 2020;19.64;19.64;19.64;19.64;--
Tuesday, February 04, 2020;19.67;19.67;19.67;19.67;--
Monday, February 03, 2020;19.13;19.13;19.13;19.13;--
Friday, January 31, 2020;18.79;18.79;18.79;18.79;--
Thursday, January 30, 2020;19.25;19.25;19.25;19.25;--
Wednesday, January 29, 2020;19.18;19.18;19.18;19.18;--
Tuesday, January 28, 2020;19.16;19.16;19.16;19.16;--
Monday, January 27, 2020;18.85;18.85;18.85;18.85;--
Friday, January 24, 2020;19.24;19.24;19.24;19.24;--
Thursday, January 23, 2020;19.31;19.31;19.31;19.31;--
Wednesday, January 22, 2020;19.19;19.19;19.19;19.19;--
Tuesday, January 21, 2020;19.16;19.16;19.16;19.16;--
Monday, January 20, 2020;19.17;19.17;19.17;19.17;--
Friday, January 17, 2020;19.18;19.18;19.18;19.18;--
Thursday, January 16, 2020;19.04;19.04;19.04;19.04;--
Wednesday, January 15, 2020;18.83;18.83;18.83;18.83;--
Tuesday, January 14, 2020;18.88;18.88;18.88;18.88;--
Monday, January 13, 2020;18.96;18.96;18.96;18.96;--
Friday, January 10, 2020;18.74;18.74;18.74;18.74;--
Thursday, January 09, 2020;18.77;18.77;18.77;18.77;--
Wednesday, January 08, 2020;18.58;18.58;18.58;18.58;--
Tuesday, January 07, 2020;18.36;18.36;18.36;18.36;--
Monday, January 06, 2020;18.20;18.20;18.20;18.20;--
Friday, January 03, 2020;18.18;18.18;18.18;18.18;--
Thursday, January 02, 2020;18.30;18.30;18.30;18.30;--
Tuesday, December 31, 2019;17.86;17.86;17.86;17.86;--
Monday, December 30, 2019;17.84;17.84;17.84;17.84;--
Friday, December 27, 2019;18.05;18.05;18.05;18.05;--
Thursday, December 26, 2019;18.18;18.18;18.18;18.18;--
Tuesday, December 24, 2019;18.08;18.08;18.08;18.08;--
Monday, December 23, 2019;18.06;18.06;18.06;18.06;--
Friday, December 20, 2019;18.11;18.11;18.11;18.11;--
Thursday, December 19, 2019;17.91;17.91;17.91;17.91;--
Wednesday, December 18, 2019;17.82;17.82;17.82;17.82;--
Tuesday, December 17, 2019;17.74;17.74;17.74;17.74;--
Monday, December 16, 2019;17.75;17.75;17.75;17.75;--
Friday, December 13, 2019;17.63;17.63;17.63;17.63;--
Thursday, December 12, 2019;17.49;17.49;17.49;17.49;--
Wednesday, December 11, 2019;17.36;17.36;17.36;17.36;--
Tuesday, December 10, 2019;17.33;17.33;17.33;17.33;--
Monday, December 09, 2019;17.43;17.43;17.43;17.43;--
Friday, December 06, 2019;17.51;17.51;17.51;17.51;--
Thursday, December 05, 2019;17.26;17.26;17.26;17.26;--
Wednesday, December 04, 2019;17.30;17.30;17.30;17.30;--
Tuesday, December 03, 2019;17.28;17.28;17.28;17.28;--
Monday, December 02, 2019;17.33;17.33;17.33;17.33;--
Friday, November 29, 2019;17.75;17.75;17.75;17.75;--
Thursday, November 28, 2019;17.83;17.83;17.83;17.83;--
Wednesday, November 27, 2019;17.84;17.84;17.84;17.84;--
Tuesday, November 26, 2019;17.69;17.69;17.69;17.69;--
Monday, November 25, 2019;17.61;17.61;17.61;17.61;--
Friday, November 22, 2019;17.35;17.35;17.35;17.35;--
Thursday, November 21, 2019;17.26;17.26;17.26;17.26;--
Wednesday, November 20, 2019;17.34;17.34;17.34;17.34;--
Tuesday, November 19, 2019;17.36;17.36;17.36;17.36;--
Monday, November 18, 2019;17.29;17.29;17.29;17.29;--
Friday, November 15, 2019;17.28;17.28;17.28;17.28;--
Thursday, November 14, 2019;17.15;17.15;17.15;17.15;--
Wednesday, November 13, 2019;17.18;17.18;17.18;17.18;--
Tuesday, November 12, 2019;17.16;17.16;17.16;17.16;--
Monday, November 11, 2019;17.08;17.08;17.08;17.08;--
Friday, November 08, 2019;17.07;17.07;17.07;17.07;--
Thursday, November 07, 2019;16.94;16.94;16.94;16.94;--
Wednesday, November 06, 2019;16.91;16.91;16.91;16.91;--
Tuesday, November 05, 2019;16.96;16.96;16.96;16.96;--
Monday, November 04, 2019;16.94;16.94;16.94;16.94;--
Friday, November 01, 2019;16.83;16.83;16.83;16.83;--
Thursday, October 31, 2019;16.65;16.65;16.65;16.65;--
Wednesday, October 30, 2019;16.80;16.80;16.80;16.80;--
Tuesday, October 29, 2019;16.67;16.67;16.67;16.67;--
Monday, October 28, 2019;16.84;16.84;16.84;16.84;--
Friday, October 25, 2019;16.67;16.67;16.67;16.67;--
Thursday, October 24, 2019;16.52;16.52;16.52;16.52;--
Wednesday, October 23, 2019;16.09;16.09;16.09;16.09;--
Tuesday, October 22, 2019;16.14;16.14;16.14;16.14;--
Monday, October 21, 2019;16.38;16.38;16.38;16.38;--
Friday, October 18, 2019;16.22;16.22;16.22;16.22;--
Thursday, October 17, 2019;16.55;16.55;16.55;16.55;--
Wednesday, October 16, 2019;16.62;16.62;16.62;16.62;--
Tuesday, October 15, 2019;16.96;16.96;16.96;16.96;--
Monday, October 14, 2019;16.77;16.77;16.77;16.77;--
Friday, October 11, 2019;16.75;16.75;16.75;16.75;--
Thursday, October 10, 2019;16.52;16.52;16.52;16.52;--
Wednesday, October 09, 2019;16.51;16.51;16.51;16.51;--
Tuesday, October 08, 2019;16.32;16.32;16.32;16.32;--
Monday, October 07, 2019;16.69;16.69;16.69;16.69;--
Friday, October 04, 2019;16.70;16.70;16.70;16.70;--
Thursday, October 03, 2019;16.51;16.51;16.51;16.51;--
Wednesday, October 02, 2019;16.27;16.27;16.27;16.27;--
Tuesday, October 01, 2019;16.53;16.53;16.53;16.53;--
Monday, September 30, 2019;16.73;16.73;16.73;16.73;--
Friday, September 27, 2019;16.51;16.51;16.51;16.51;--
Thursday, September 26, 2019;16.92;16.92;16.92;16.92;--
Wednesday, September 25, 2019;16.89;16.89;16.89;16.89;--
Tuesday, September 24, 2019;16.60;16.60;16.60;16.60;--
Monday, September 23, 2019;16.94;16.94;16.94;16.94;--
Friday, September 20, 2019;16.90;16.90;16.90;16.90;--
Thursday, September 19, 2019;16.95;16.95;16.95;16.95;--
Wednesday, September 18, 2019;16.97;16.97;16.97;16.97;--
Tuesday, September 17, 2019;16.90;16.90;16.90;16.90;--
Monday, September 16, 2019;16.90;16.90;16.90;16.90;--
Friday, September 13, 2019;16.77;16.77;16.77;16.77;--
Thursday, September 12, 2019;16.85;16.85;16.85;16.85;--
Wednesday, September 11, 2019;16.82;16.82;16.82;16.82;--
Tuesday, September 10, 2019;16.62;16.62;16.62;16.62;--
Monday, September 09, 2019;16.69;16.69;16.69;16.69;--
Friday, September 06, 2019;16.91;16.91;16.91;16.91;--
Thursday, September 05, 2019;16.92;16.92;16.92;16.92;--
Wednesday, September 04, 2019;16.66;16.66;16.66;16.66;--
Tuesday, September 03, 2019;16.53;16.53;16.53;16.53;--
Monday, September 02, 2019;16.72;16.72;16.72;16.72;--
Friday, August 30, 2019;16.68;16.68;16.68;16.68;--
Thursday, August 29, 2019;16.62;16.62;16.62;16.62;--
Wednesday, August 28, 2019;16.30;16.30;16.30;16.30;--
Tuesday, August 27, 2019;16.32;16.32;16.32;16.32;--
Monday, August 26, 2019;16.35;16.35;16.35;16.35;--
Friday, August 23, 2019;16.13;16.13;16.13;16.13;--
Thursday, August 22, 2019;16.63;16.63;16.63;16.63;--
Wednesday, August 21, 2019;16.66;16.66;16.66;16.66;--
Tuesday, August 20, 2019;16.46;16.46;16.46;16.46;--
Monday, August 19, 2019;16.55;16.55;16.55;16.55;--
Friday, August 16, 2019;16.38;16.38;16.38;16.38;--
Thursday, August 15, 2019;16.08;16.08;16.08;16.08;--
Wednesday, August 14, 2019;16.01;16.01;16.01;16.01;--
Tuesday, August 13, 2019;16.44;16.44;16.44;16.44;--
Monday, August 12, 2019;16.06;16.06;16.06;16.06;--
Friday, August 09, 2019;16.27;16.27;16.27;16.27;--
Thursday, August 08, 2019;16.48;16.48;16.48;16.48;--
Wednesday, August 07, 2019;16.05;16.05;16.05;16.05;--
Tuesday, August 06, 2019;15.95;15.95;15.95;15.95;--
Monday, August 05, 2019;15.77;15.77;15.77;15.77;--
Friday, August 02, 2019;16.53;16.53;16.53;16.53;--
Thursday, August 01, 2019;16.93;16.93;16.93;16.93;--
Wednesday, July 31, 2019;17.13;17.13;17.13;17.13;--
Tuesday, July 30, 2019;17.34;17.34;17.34;17.34;--
Monday, July 29, 2019;17.43;17.43;17.43;17.43;--
Friday, July 26, 2019;17.62;17.62;17.62;17.62;--
Thursday, July 25, 2019;17.47;17.47;17.47;17.47;--
Wednesday, July 24, 2019;17.71;17.71;17.71;17.71;--
Tuesday, July 23, 2019;17.43;17.43;17.43;17.43;--
Monday, July 22, 2019;17.28;17.28;17.28;17.28;--
Friday, July 19, 2019;17.08;17.08;17.08;17.08;--
Thursday, July 18, 2019;17.11;17.11;17.11;17.11;--
Wednesday, July 17, 2019;17.12;17.12;17.12;17.12;--
Tuesday, July 16, 2019;17.12;17.12;17.12;17.12;--
Monday, July 15, 2019;17.22;17.22;17.22;17.22;--
Friday, July 12, 2019;17.13;17.13;17.13;17.13;--
Thursday, July 11, 2019;17.05;17.05;17.05;17.05;--
Wednesday, July 10, 2019;16.99;16.99;16.99;16.99;--
Tuesday, July 09, 2019;16.94;16.94;16.94;16.94;--
Monday, July 08, 2019;16.81;16.81;16.81;16.81;--
Friday, July 05, 2019;16.89;16.89;16.89;16.89;--
Thursday, July 04, 2019;16.84;16.84;16.84;16.84;--
Wednesday, July 03, 2019;16.85;16.85;16.85;16.85;--
Tuesday, July 02, 2019;16.76;16.76;16.76;16.76;--
Monday, July 01, 2019;16.71;16.71;16.71;16.71;--
Friday, June 28, 2019;16.34;16.34;16.34;16.34;--
Thursday, June 27, 2019;16.32;16.32;16.32;16.32;--
Wednesday, June 26, 2019;16.14;16.14;16.14;16.14;--
Tuesday, June 25, 2019;16.03;16.03;16.03;16.03;--
Monday, June 24, 2019;16.32;16.32;16.32;16.32;--
Monday, June 17, 2019;16.19;16.19;16.19;16.19;--
Friday, June 14, 2019;16.15;16.15;16.15;16.15;--
Thursday, June 13, 2019;16.19;16.19;16.19;16.19;--
Wednesday, June 12, 2019;16.11;16.11;16.11;16.11;--
Tuesday, June 11, 2019;16.12;16.12;16.12;16.12;--
Monday, June 10, 2019;16.23;16.23;16.23;16.23;--
Friday, June 07, 2019;16.01;16.01;16.01;16.01;--
Thursday, June 06, 2019;15.86;15.86;15.86;15.86;--
Wednesday, June 05, 2019;15.78;15.78;15.78;15.78;--
Tuesday, June 04, 2019;15.55;15.55;15.55;15.55;--
Monday, June 03, 2019;15.14;15.14;15.14;15.14;--
Friday, May 31, 2019;15.63;15.63;15.63;15.63;--
Thursday, May 30, 2019;15.89;15.89;15.89;15.89;--
Wednesday, May 29, 2019;15.79;15.79;15.79;15.79;--
Tuesday, May 28, 2019;15.91;15.91;15.91;15.91;--
Monday, May 27, 2019;15.90;15.90;15.90;15.90;--
Friday, May 24, 2019;15.88;15.88;15.88;15.88;--
Thursday, May 23, 2019;15.89;15.89;15.89;15.89;--
Wednesday, May 22, 2019;16.24;16.24;16.24;16.24;--
Tuesday, May 21, 2019;16.28;16.28;16.28;16.28;--
Monday, May 20, 2019;16.08;16.08;16.08;16.08;--
Friday, May 17, 2019;16.46;16.46;16.46;16.46;--
Thursday, May 16, 2019;16.68;16.68;16.68;16.68;--
Wednesday, May 15, 2019;16.49;16.49;16.49;16.49;--
Tuesday, May 14, 2019;16.26;16.26;16.26;16.26;--
Monday, May 13, 2019;15.90;15.90;15.90;15.90;--
Friday, May 10, 2019;16.57;16.57;16.57;16.57;--
Thursday, May 09, 2019;16.51;16.51;16.51;16.51;--
Wednesday, May 08, 2019;16.59;16.59;16.59;16.59;--
Tuesday, May 07, 2019;16.66;16.66;16.66;16.66;--
Monday, May 06, 2019;17.00;17.00;17.00;17.00;--
Friday, May 03, 2019;17.12;17.12;17.12;17.12;--
Thursday, May 02, 2019;16.98;16.98;16.98;16.98;--
Wednesday, May 01, 2019;16.98;16.98;16.98;16.98;--
Tuesday, April 30, 2019;17.10;17.10;17.10;17.10;--
Monday, April 29, 2019;17.09;17.09;17.09;17.09;--
Friday, April 26, 2019;17.11;17.11;17.11;17.11;--
Thursday, April 25, 2019;17.03;17.03;17.03;17.03;--
Wednesday, April 24, 2019;16.94;16.94;16.94;16.94;--
Tuesday, April 23, 2019;16.86;16.86;16.86;16.86;--
Monday, April 22, 2019;16.62;16.62;16.62;16.62;--
Thursday, April 18, 2019;16.55;16.55;16.55;16.55;--
Wednesday, April 17, 2019;16.49;16.49;16.49;16.49;--
Tuesday, April 16, 2019;16.55;16.55;16.55;16.55;--
Monday, April 15, 2019;16.48;16.48;16.48;16.48;--
Friday, April 12, 2019;16.57;16.57;16.57;16.57;--
Thursday, April 11, 2019;16.52;16.52;16.52;16.52;--
Wednesday, April 10, 2019;16.47;16.47;16.47;16.47;--
Tuesday, April 09, 2019;16.30;16.30;16.30;16.30;--
Monday, April 08, 2019;16.34;16.34;16.34;16.34;--
Friday, April 05, 2019;16.37;16.37;16.37;16.37;--
Thursday, April 04, 2019;16.26;16.26;16.26;16.26;--
Wednesday, April 03, 2019;16.42;16.42;16.42;16.42;--
Tuesday, April 02, 2019;16.34;16.34;16.34;16.34;--
Monday, April 01, 2019;16.28;16.28;16.28;16.28;--
Friday, March 29, 2019;16.06;16.06;16.06;16.06;--
Thursday, March 28, 2019;15.88;15.88;15.88;15.88;--
Wednesday, March 27, 2019;15.79;15.79;15.79;15.79;--
Tuesday, March 26, 2019;15.95;15.95;15.95;15.95;--
Monday, March 25, 2019;15.79;15.79;15.79;15.79;--
Friday, March 22, 2019;15.86;15.86;15.86;15.86;--
Thursday, March 21, 2019;16.18;16.18;16.18;16.18;--
Wednesday, March 20, 2019;15.75;15.75;15.75;15.75;--
Tuesday, March 19, 2019;15.84;15.84;15.84;15.84;--
Monday, March 18, 2019;15.77;15.77;15.77;15.77;--
Friday, March 15, 2019;15.77;15.77;15.77;15.77;--
Thursday, March 14, 2019;15.66;15.66;15.66;15.66;--
Wednesday, March 13, 2019;15.58;15.58;15.58;15.58;--
Tuesday, March 12, 2019;15.56;15.56;15.56;15.56;--
Monday, March 11, 2019;15.56;15.56;15.56;15.56;--
Friday, March 08, 2019;15.24;15.24;15.24;15.24;--
Thursday, March 07, 2019;15.31;15.31;15.31;15.31;--
Wednesday, March 06, 2019;15.27;15.27;15.27;15.27;--
Tuesday, March 05, 2019;15.40;15.40;15.40;15.40;--
Monday, March 04, 2019;15.37;15.37;15.37;15.37;--
Friday, March 01, 2019;15.50;15.50;15.50;15.50;--
Thursday, February 28, 2019;15.35;15.35;15.35;15.35;--
Wednesday, February 27, 2019;15.38;15.38;15.38;15.38;--
Tuesday, February 26, 2019;15.32;15.32;15.32;15.32;--
Monday, February 25, 2019;15.37;15.37;15.37;15.37;--
Friday, February 22, 2019;15.33;15.33;15.33;15.33;--
Thursday, February 21, 2019;15.14;15.14;15.14;15.14;--
Wednesday, February 20, 2019;15.18;15.18;15.18;15.18;--
Tuesday, February 19, 2019;15.17;15.17;15.17;15.17;--
Monday, February 18, 2019;15.19;15.19;15.19;15.19;--
Friday, February 15, 2019;15.21;15.21;15.21;15.21;--
Thursday, February 14, 2019;15.17;15.17;15.17;15.17;--
Wednesday, February 13, 2019;15.18;15.18;15.18;15.18;--
Tuesday, February 12, 2019;15.11;15.11;15.11;15.11;--
Monday, February 11, 2019;14.97;14.97;14.97;14.97;--
Friday, February 08, 2019;14.85;14.85;14.85;14.85;--
Thursday, February 07, 2019;14.68;14.68;14.68;14.68;--
Wednesday, February 06, 2019;14.81;14.81;14.81;14.81;--
Tuesday, February 05, 2019;14.73;14.73;14.73;14.73;--
Monday, February 04, 2019;14.57;14.57;14.57;14.57;--
Friday, February 01, 2019;14.39;14.39;14.39;14.39;--
Thursday, January 31, 2019;14.34;14.34;14.34;14.34;--
Wednesday, January 30, 2019;14.06;14.06;14.06;14.06;--
Tuesday, January 29, 2019;13.74;13.74;13.74;13.74;--
Monday, January 28, 2019;13.93;13.93;13.93;13.93;--
Friday, January 25, 2019;14.13;14.13;14.13;14.13;--
Thursday, January 24, 2019;13.99;13.99;13.99;13.99;--
Wednesday, January 23, 2019;13.66;13.66;13.66;13.66;--
Tuesday, January 22, 2019;13.70;13.70;13.70;13.70;--
Monday, January 21, 2019;13.96;13.96;13.96;13.96;--
Friday, January 18, 2019;13.97;13.97;13.97;13.97;--
Thursday, January 17, 2019;13.71;13.71;13.71;13.71;--
Wednesday, January 16, 2019;13.59;13.59;13.59;13.59;--
Tuesday, January 15, 2019;13.56;13.56;13.56;13.56;--
Monday, January 14, 2019;13.29;13.29;13.29;13.29;--
Friday, January 11, 2019;13.45;13.45;13.45;13.45;--
Thursday, January 10, 2019;13.41;13.41;13.41;13.41;--
Wednesday, January 09, 2019;13.27;13.27;13.27;13.27;--
Tuesday, January 08, 2019;13.22;13.22;13.22;13.22;--
Monday, January 07, 2019;13.05;13.05;13.05;13.05;--
Friday, January 04, 2019;12.88;12.88;12.88;12.88;--
Thursday, January 03, 2019;12.30;12.30;12.30;12.30;--
Wednesday, January 02, 2019;12.86;12.86;12.86;12.86;--
Monday, December 31, 2018;12.76;12.76;12.76;12.76;--
Friday, December 28, 2018;12.68;12.68;12.68;12.68;--
Thursday, December 27, 2018;12.68;12.68;12.68;12.68;--
Wednesday, December 26, 2018;12.64;12.64;12.64;12.64;--
Monday, December 24, 2018;11.84;11.84;11.84;11.84;--
Friday, December 21, 2018;12.13;12.13;12.13;12.13;--
Thursday, December 20, 2018;12.40;12.40;12.40;12.40;--
Wednesday, December 19, 2018;12.75;12.75;12.75;12.75;--
Tuesday, December 18, 2018;12.99;12.99;12.99;12.99;--
Monday, December 17, 2018;12.90;12.90;12.90;12.90;--
Friday, December 14, 2018;13.36;13.36;13.36;13.36;--
Thursday, December 13, 2018;13.57;13.57;13.57;13.57;--
Wednesday, December 12, 2018;13.62;13.62;13.62;13.62;--
Tuesday, December 11, 2018;13.51;13.51;13.51;13.51;--
Monday, December 10, 2018;13.46;13.46;13.46;13.46;--
Friday, December 07, 2018;13.27;13.27;13.27;13.27;--
Thursday, December 06, 2018;13.73;13.73;13.73;13.73;--
Wednesday, December 05, 2018;13.68;13.68;13.68;13.68;--
Tuesday, December 04, 2018;13.68;13.68;13.68;13.68;--
Monday, December 03, 2018;14.23;14.23;14.23;14.23;--
Friday, November 30, 2018;13.99;13.99;13.99;13.99;--
Thursday, November 29, 2018;13.66;13.66;13.66;13.66;--
Wednesday, November 28, 2018;13.73;13.73;13.73;13.73;--
Tuesday, November 27, 2018;13.30;13.30;13.30;13.30;--
Monday, November 26, 2018;13.30;13.30;13.30;13.30;--
Friday, November 23, 2018;12.93;12.93;12.93;12.93;--
Thursday, November 22, 2018;12.88;12.88;12.88;12.88;--
Wednesday, November 21, 2018;12.90;12.90;12.90;12.90;--
Tuesday, November 20, 2018;12.74;12.74;12.74;12.74;--
Monday, November 19, 2018;12.76;12.76;12.76;12.76;--
Friday, November 16, 2018;13.44;13.44;13.44;13.44;--
Thursday, November 15, 2018;13.65;13.65;13.65;13.65;--
Wednesday, November 14, 2018;13.33;13.33;13.33;13.33;--
Tuesday, November 13, 2018;13.43;13.43;13.43;13.43;--
Monday, November 12, 2018;13.44;13.44;13.44;13.44;--
Friday, November 09, 2018;13.74;13.74;13.74;13.74;--
Thursday, November 08, 2018;13.99;13.99;13.99;13.99;--
Wednesday, November 07, 2018;13.98;13.98;13.98;13.98;--
Tuesday, November 06, 2018;13.51;13.51;13.51;13.51;--
Monday, November 05, 2018;13.51;13.51;13.51;13.51;--
Friday, November 02, 2018;13.64;13.64;13.64;13.64;--
Thursday, November 01, 2018;13.79;13.79;13.79;13.79;--
Wednesday, October 31, 2018;13.56;13.56;13.56;13.56;--
Tuesday, October 30, 2018;13.14;13.14;13.14;13.14;--
Monday, October 29, 2018;12.84;12.84;12.84;12.84;--
Friday, October 26, 2018;13.11;13.11;13.11;13.11;--
Thursday, October 25, 2018;13.49;13.49;13.49;13.49;--
Wednesday, October 24, 2018;13.06;13.06;13.06;13.06;--
Tuesday, October 23, 2018;13.60;13.60;13.60;13.60;--
Monday, October 22, 2018;13.67;13.67;13.67;13.67;--
Friday, October 19, 2018;13.50;13.50;13.50;13.50;--
Thursday, October 18, 2018;13.69;13.69;13.69;13.69;--
Wednesday, October 17, 2018;13.97;13.97;13.97;13.97;--
Tuesday, October 16, 2018;13.90;13.90;13.90;13.90;--
Monday, October 15, 2018;13.44;13.44;13.44;13.44;--
Friday, October 12, 2018;13.64;13.64;13.64;13.64;--
Thursday, October 11, 2018;13.18;13.18;13.18;13.18;--
Wednesday, October 10, 2018;13.41;13.41;13.41;13.41;--
Tuesday, October 09, 2018;14.10;14.10;14.10;14.10;--
Monday, October 08, 2018;14.16;14.16;14.16;14.16;--
Friday, October 05, 2018;14.39;14.39;14.39;14.39;--
Thursday, October 04, 2018;14.58;14.58;14.58;14.58;--
Wednesday, October 03, 2018;14.91;14.91;14.91;14.91;--
Tuesday, October 02, 2018;14.80;14.80;14.80;14.80;--
Monday, October 01, 2018;14.89;14.89;14.89;14.89;--
Friday, September 28, 2018;14.89;14.89;14.89;14.89;--
Thursday, September 27, 2018;14.84;14.84;14.84;14.84;--
Wednesday, September 26, 2018;14.67;14.67;14.67;14.67;--
Tuesday, September 25, 2018;14.69;14.69;14.69;14.69;--
Monday, September 24, 2018;14.64;14.64;14.64;14.64;--
Friday, September 21, 2018;14.60;14.60;14.60;14.60;--
Thursday, September 20, 2018;14.61;14.61;14.61;14.61;--
Wednesday, September 19, 2018;14.60;14.60;14.60;14.60;--
Tuesday, September 18, 2018;14.67;14.67;14.67;14.67;--
Monday, September 17, 2018;14.60;14.60;14.60;14.60;--
Friday, September 14, 2018;14.99;14.99;14.99;14.99;--
Thursday, September 13, 2018;14.88;14.88;14.88;14.88;--
Wednesday, September 12, 2018;14.83;14.83;14.83;14.83;--
Tuesday, September 11, 2018;14.91;14.91;14.91;14.91;--
Monday, September 10, 2018;14.80;14.80;14.80;14.80;--
Friday, September 07, 2018;14.81;14.81;14.81;14.81;--
Thursday, September 06, 2018;14.71;14.71;14.71;14.71;--
Wednesday, September 05, 2018;14.80;14.80;14.80;14.80;--
Tuesday, September 04, 2018;15.19;15.19;15.19;15.19;--
Monday, September 03, 2018;15.12;15.12;15.12;15.12;--
Friday, August 31, 2018;15.15;15.15;15.15;15.15;--
Thursday, August 30, 2018;15.01;15.01;15.01;15.01;--
Wednesday, August 29, 2018;15.06;15.06;15.06;15.06;--
Tuesday, August 28, 2018;14.94;14.94;14.94;14.94;--
Monday, August 27, 2018;14.93;14.93;14.93;14.93;--
Friday, August 24, 2018;14.88;14.88;14.88;14.88;--
Thursday, August 23, 2018;14.76;14.76;14.76;14.76;--
Wednesday, August 22, 2018;14.67;14.67;14.67;14.67;--
Tuesday, August 21, 2018;14.59;14.59;14.59;14.59;--
Monday, August 20, 2018;14.64;14.64;14.64;14.64;--
Friday, August 17, 2018;14.66;14.66;14.66;14.66;--
Thursday, August 16, 2018;14.76;14.76;14.76;14.76;--
Wednesday, August 15, 2018;14.74;14.74;14.74;14.74;--
Tuesday, August 14, 2018;14.92;14.92;14.92;14.92;--
Monday, August 13, 2018;14.79;14.79;14.79;14.79;--
Friday, August 10, 2018;14.82;14.82;14.82;14.82;--
Thursday, August 09, 2018;14.81;14.81;14.81;14.81;--
Wednesday, August 08, 2018;14.67;14.67;14.67;14.67;--
Tuesday, August 07, 2018;14.66;14.66;14.66;14.66;--
Monday, August 06, 2018;14.64;14.64;14.64;14.64;--
Friday, August 03, 2018;14.50;14.50;14.50;14.50;--
Thursday, August 02, 2018;14.48;14.48;14.48;14.48;--
Wednesday, August 01, 2018;14.24;14.24;14.24;14.24;--
Tuesday, July 31, 2018;14.11;14.11;14.11;14.11;--
Monday, July 30, 2018;14.02;14.02;14.02;14.02;--
Friday, July 27, 2018;14.40;14.40;14.40;14.40;--
Thursday, July 26, 2018;14.69;14.69;14.69;14.69;--
Wednesday, July 25, 2018;14.71;14.71;14.71;14.71;--
Tuesday, July 24, 2018;14.53;14.53;14.53;14.53;--
Monday, July 23, 2018;14.58;14.58;14.58;14.58;--
Friday, July 20, 2018;14.53;14.53;14.53;14.53;--
Thursday, July 19, 2018;14.63;14.63;14.63;14.63;--
Wednesday, July 18, 2018;14.72;14.72;14.72;14.72;--
Tuesday, July 17, 2018;14.67;14.67;14.67;14.67;--
Monday, July 16, 2018;14.50;14.50;14.50;14.50;--
Friday, July 13, 2018;14.58;14.58;14.58;14.58;--
Thursday, July 12, 2018;14.64;14.64;14.64;14.64;--
Wednesday, July 11, 2018;14.40;14.40;14.40;14.40;--
Tuesday, July 10, 2018;14.39;14.39;14.39;14.39;--
Monday, July 09, 2018;14.36;14.36;14.36;14.36;--
Friday, July 06, 2018;14.28;14.28;14.28;14.28;--
Thursday, July 05, 2018;14.18;14.18;14.18;14.18;--
Wednesday, July 04, 2018;14.02;14.02;14.02;14.02;--
Tuesday, July 03, 2018;14.03;14.03;14.03;14.03;--
Monday, July 02, 2018;14.22;14.22;14.22;14.22;--
Friday, June 29, 2018;14.01;14.01;14.01;14.01;--
Thursday, June 28, 2018;14.13;14.13;14.13;14.13;--
Wednesday, June 27, 2018;13.97;13.97;13.97;13.97;--
Tuesday, June 26, 2018;14.12;14.12;14.12;14.12;--
Monday, June 25, 2018;13.97;13.97;13.97;13.97;--
Friday, June 22, 2018;14.39;14.39;14.39;14.39;--
Thursday, June 21, 2018;14.58;14.58;14.58;14.58;--
Wednesday, June 20, 2018;14.76;14.76;14.76;14.76;--
Tuesday, June 19, 2018;14.67;14.67;14.67;14.67;--
Monday, June 18, 2018;14.76;14.76;14.76;14.76;--
Friday, June 15, 2018;14.73;14.73;14.73;14.73;--
Thursday, June 14, 2018;14.80;14.80;14.80;14.80;--
Wednesday, June 13, 2018;14.44;14.44;14.44;14.44;--
Tuesday, June 12, 2018;14.51;14.51;14.51;14.51;--
Monday, June 11, 2018;14.33;14.33;14.33;14.33;--
Friday, June 08, 2018;14.34;14.34;14.34;14.34;--
Thursday, June 07, 2018;14.28;14.28;14.28;14.28;--
Wednesday, June 06, 2018;14.53;14.53;14.53;14.53;--
Tuesday, June 05, 2018;14.53;14.53;14.53;14.53;--
Monday, June 04, 2018;14.48;14.48;14.48;14.48;--
Friday, June 01, 2018;14.41;14.41;14.41;14.41;--
Thursday, May 31, 2018;14.13;14.13;14.13;14.13;--
Wednesday, May 30, 2018;14.17;14.17;14.17;14.17;--
Tuesday, May 29, 2018;14.21;14.21;14.21;14.21;--
Monday, May 28, 2018;14.16;14.16;14.16;14.16;--
Friday, May 25, 2018;14.12;14.12;14.12;14.12;--
Thursday, May 24, 2018;14.02;14.02;14.02;14.02;--
Wednesday, May 23, 2018;14.05;14.05;14.05;14.05;--
Tuesday, May 22, 2018;13.85;13.85;13.85;13.85;--
Monday, May 21, 2018;13.91;13.91;13.91;13.91;--
Friday, May 18, 2018;13.87;13.87;13.87;13.87;--
Thursday, May 17, 2018;13.85;13.85;13.85;13.85;--
Wednesday, May 16, 2018;13.91;13.91;13.91;13.91;--
Tuesday, May 15, 2018;13.80;13.80;13.80;13.80;--
Monday, May 14, 2018;13.80;13.80;13.80;13.80;--
Friday, May 11, 2018;13.86;13.86;13.86;13.86;--
Thursday, May 10, 2018;13.94;13.94;13.94;13.94;--
Wednesday, May 09, 2018;13.87;13.87;13.87;13.87;--
Tuesday, May 08, 2018;13.68;13.68;13.68;13.68;--
Monday, May 07, 2018;13.56;13.56;13.56;13.56;--
Friday, May 04, 2018;13.39;13.39;13.39;13.39;--
Thursday, May 03, 2018;13.14;13.14;13.14;13.14;--
Wednesday, May 02, 2018;13.14;13.14;13.14;13.14;--
Tuesday, May 01, 2018;13.11;13.11;13.11;13.11;--
Monday, April 30, 2018;12.90;12.90;12.90;12.90;--
Friday, April 27, 2018;12.88;12.88;12.88;12.88;--
Thursday, April 26, 2018;12.91;12.91;12.91;12.91;--
Wednesday, April 25, 2018;12.57;12.57;12.57;12.57;--
Tuesday, April 24, 2018;12.57;12.57;12.57;12.57;--
Monday, April 23, 2018;12.82;12.82;12.82;12.82;--
Friday, April 20, 2018;12.84;12.84;12.84;12.84;--
Thursday, April 19, 2018;12.92;12.92;12.92;12.92;--
Wednesday, April 18, 2018;13.01;13.01;13.01;13.01;--
Tuesday, April 17, 2018;12.99;12.99;12.99;12.99;--
Monday, April 16, 2018;12.71;12.71;12.71;12.71;--
Friday, April 13, 2018;12.66;12.66;12.66;12.66;--
Thursday, April 12, 2018;12.76;12.76;12.76;12.76;--
Wednesday, April 11, 2018;12.59;12.59;12.59;12.59;--
Tuesday, April 10, 2018;12.62;12.62;12.62;12.62;--
Monday, April 09, 2018;12.40;12.40;12.40;12.40;--
Friday, April 06, 2018;12.35;12.35;12.35;12.35;--
Thursday, April 05, 2018;12.68;12.68;12.68;12.68;--
Wednesday, April 04, 2018;12.60;12.60;12.60;12.60;--
Tuesday, April 03, 2018;12.48;12.48;12.48;12.48;--
Monday, April 02, 2018;12.35;12.35;12.35;12.35;--
Thursday, March 29, 2018;12.69;12.69;12.69;12.69;--
Wednesday, March 28, 2018;12.44;12.44;12.44;12.44;--
Tuesday, March 27, 2018;12.53;12.53;12.53;12.53;--
Monday, March 26, 2018;12.91;12.91;12.91;12.91;--
Friday, March 23, 2018;12.57;12.57;12.57;12.57;--
Thursday, March 22, 2018;12.91;12.91;12.91;12.91;--
Wednesday, March 21, 2018;13.24;13.24;13.24;13.24;--
Tuesday, March 20, 2018;13.38;13.38;13.38;13.38;--
Monday, March 19, 2018;13.17;13.17;13.17;13.17;--
Friday, March 16, 2018;13.44;13.44;13.44;13.44;--
Thursday, March 15, 2018;13.44;13.44;13.44;13.44;--
Wednesday, March 14, 2018;13.38;13.38;13.38;13.38;--
Tuesday, March 13, 2018;13.31;13.31;13.31;13.31;--
Monday, March 12, 2018;13.49;13.49;13.49;13.49;--
Friday, March 09, 2018;13.46;13.46;13.46;13.46;--
Thursday, March 08, 2018;13.24;13.24;13.24;13.24;--
Wednesday, March 07, 2018;13.09;13.09;13.09;13.09;--
Tuesday, March 06, 2018;12.97;12.97;12.97;12.97;--
Monday, March 05, 2018;12.94;12.94;12.94;12.94;--
Friday, March 02, 2018;12.82;12.82;12.82;12.82;--
Thursday, March 01, 2018;12.73;12.73;12.73;12.73;--
Wednesday, February 28, 2018;12.93;12.93;12.93;12.93;--
Tuesday, February 27, 2018;12.98;12.98;12.98;12.98;--
Monday, February 26, 2018;13.00;13.00;13.00;13.00;--
Friday, February 23, 2018;12.89;12.89;12.89;12.89;--
Thursday, February 22, 2018;12.62;12.62;12.62;12.62;--
Wednesday, February 21, 2018;12.67;12.67;12.67;12.67;--
Tuesday, February 20, 2018;12.67;12.67;12.67;12.67;--
Monday, February 19, 2018;12.54;12.54;12.54;12.54;--
Friday, February 16, 2018;12.55;12.55;12.55;12.55;--
Thursday, February 15, 2018;12.45;12.45;12.45;12.45;--
Wednesday, February 14, 2018;12.28;12.28;12.28;12.28;--
Tuesday, February 13, 2018;12.13;12.13;12.13;12.13;--
Monday, February 12, 2018;12.13;12.13;12.13;12.13;--
Friday, February 09, 2018;11.98;11.98;11.98;11.98;--
Thursday, February 08, 2018;11.77;11.77;11.77;11.77;--
Wednesday, February 07, 2018;12.26;12.26;12.26;12.26;--
Tuesday, February 06, 2018;12.28;12.28;12.28;12.28;--
Monday, February 05, 2018;12.03;12.03;12.03;12.03;--
Friday, February 02, 2018;12.37;12.37;12.37;12.37;--
Thursday, February 01, 2018;12.58;12.58;12.58;12.58;--
Wednesday, January 31, 2018;12.75;12.75;12.75;12.75;--
Tuesday, January 30, 2018;12.66;12.66;12.66;12.66;--
Monday, January 29, 2018;12.79;12.79;12.79;12.79;--
Friday, January 26, 2018;12.87;12.87;12.87;12.87;--
Thursday, January 25, 2018;12.65;12.65;12.65;12.65;--
Wednesday, January 24, 2018;12.68;12.68;12.68;12.68;--
Tuesday, January 23, 2018;12.87;12.87;12.87;12.87;--
Monday, January 22, 2018;12.79;12.79;12.79;12.79;--
Friday, January 19, 2018;12.73;12.73;12.73;12.73;--
Thursday, January 18, 2018;12.66;12.66;12.66;12.66;--
Wednesday, January 17, 2018;12.65;12.65;12.65;12.65;--
Tuesday, January 16, 2018;12.44;12.44;12.44;12.44;--
Monday, January 15, 2018;12.49;12.49;12.49;12.49;--
Friday, January 12, 2018;12.58;12.58;12.58;12.58;--
Thursday, January 11, 2018;12.66;12.66;12.66;12.66;--
Wednesday, January 10, 2018;12.67;12.67;12.67;12.67;--
Tuesday, January 09, 2018;12.75;12.75;12.75;12.75;--
Monday, January 08, 2018;12.74;12.74;12.74;12.74;--
Friday, January 05, 2018;12.59;12.59;12.59;12.59;--
Thursday, January 04, 2018;12.43;12.43;12.43;12.43;--
Wednesday, January 03, 2018;12.40;12.40;12.40;12.40;--
Tuesday, January 02, 2018;12.22;12.22;12.22;12.22;--
Friday, December 29, 2017;12.11;12.11;12.11;12.11;--
Thursday, December 28, 2017;12.23;12.23;12.23;12.23;--
Wednesday, December 27, 2017;12.25;12.25;12.25;12.25;--
Tuesday, December 26, 2017;12.25;12.25;12.25;12.25;--
Friday, December 22, 2017;12.30;12.30;12.30;12.30;--
Thursday, December 21, 2017;12.29;12.29;12.29;12.29;--
Wednesday, December 20, 2017;12.33;12.33;12.33;12.33;--
Tuesday, December 19, 2017;12.40;12.40;12.40;12.40;--
Monday, December 18, 2017;12.53;12.53;12.53;12.53;--
Friday, December 15, 2017;12.48;12.48;12.48;12.48;--
Thursday, December 14, 2017;12.31;12.31;12.31;12.31;--
Wednesday, December 13, 2017;12.26;12.26;12.26;12.26;--
Tuesday, December 12, 2017;12.31;12.31;12.31;12.31;--
Monday, December 11, 2017;12.37;12.37;12.37;12.37;--
Friday, December 08, 2017;12.30;12.30;12.30;12.30;--
Thursday, December 07, 2017;12.25;12.25;12.25;12.25;--
Wednesday, December 06, 2017;12.08;12.08;12.08;12.08;--
Tuesday, December 05, 2017;11.96;11.96;11.96;11.96;--
Monday, December 04, 2017;11.91;11.91;11.91;11.91;--
Friday, December 01, 2017;12.19;12.19;12.19;12.19;--
Thursday, November 30, 2017;12.26;12.26;12.26;12.26;--
Wednesday, November 29, 2017;12.24;12.24;12.24;12.24;--
Tuesday, November 28, 2017;12.65;12.65;12.65;12.65;--
Monday, November 27, 2017;12.56;12.56;12.56;12.56;--
Friday, November 24, 2017;12.60;12.60;12.60;12.60;--
Thursday, November 23, 2017;12.60;12.60;12.60;12.60;--
Wednesday, November 22, 2017;12.64;12.64;12.64;12.64;--
Tuesday, November 21, 2017;12.76;12.76;12.76;12.76;--
Monday, November 20, 2017;12.66;12.66;12.66;12.66;--
Friday, November 17, 2017;12.52;12.52;12.52;12.52;--
Thursday, November 16, 2017;12.56;12.56;12.56;12.56;--
Wednesday, November 15, 2017;12.36;12.36;12.36;12.36;--
Tuesday, November 14, 2017;12.46;12.46;12.46;12.46;--
Monday, November 13, 2017;12.59;12.59;12.59;12.59;--
Friday, November 10, 2017;12.60;12.60;12.60;12.60;--
Thursday, November 09, 2017;12.58;12.58;12.58;12.58;--
Wednesday, November 08, 2017;12.77;12.77;12.77;12.77;--
Tuesday, November 07, 2017;12.73;12.73;12.73;12.73;--
Monday, November 06, 2017;12.74;12.74;12.74;12.74;--
Friday, November 03, 2017;12.65;12.65;12.65;12.65;--
Thursday, November 02, 2017;12.56;12.56;12.56;12.56;--
Wednesday, November 01, 2017;12.58;12.58;12.58;12.58;--
Tuesday, October 31, 2017;12.57;12.57;12.57;12.57;--
Monday, October 30, 2017;12.48;12.48;12.48;12.48;--
Friday, October 27, 2017;12.52;12.52;12.52;12.52;--
Thursday, October 26, 2017;12.26;12.26;12.26;12.26;--
Wednesday, October 25, 2017;12.07;12.07;12.07;12.07;--
Tuesday, October 24, 2017;12.16;12.16;12.16;12.16;--
Monday, October 23, 2017;12.14;12.14;12.14;12.14;--
Friday, October 20, 2017;12.18;12.18;12.18;12.18;--
Thursday, October 19, 2017;12.01;12.01;12.01;12.01;--
Wednesday, October 18, 2017;12.07;12.07;12.07;12.07;--
Tuesday, October 17, 2017;12.06;12.06;12.06;12.06;--
Monday, October 16, 2017;12.05;12.05;12.05;12.05;--
Friday, October 13, 2017;12.02;12.02;12.02;12.02;--
Thursday, October 12, 2017;11.99;11.99;11.99;11.99;--
Wednesday, October 11, 2017;11.93;11.93;11.93;11.93;--
Tuesday, October 10, 2017;11.93;11.93;11.93;11.93;--
Monday, October 09, 2017;11.98;11.98;11.98;11.98;--
Friday, October 06, 2017;11.99;11.99;11.99;11.99;--
Thursday, October 05, 2017;11.97;11.97;11.97;11.97;--
Wednesday, October 04, 2017;11.83;11.83;11.83;11.83;--
Tuesday, October 03, 2017;11.82;11.82;11.82;11.82;--
Monday, October 02, 2017;11.79;11.79;11.79;11.79;--
Friday, September 29, 2017;11.68;11.68;11.68;11.68;--
Thursday, September 28, 2017;11.62;11.62;11.62;11.62;--
Wednesday, September 27, 2017;11.63;11.63;11.63;11.63;--
Tuesday, September 26, 2017;11.41;11.41;11.41;11.41;--
Monday, September 25, 2017;11.39;11.39;11.39;11.39;--
Friday, September 22, 2017;11.51;11.51;11.51;11.51;--
Thursday, September 21, 2017;11.49;11.49;11.49;11.49;--
Wednesday, September 20, 2017;11.58;11.58;11.58;11.58;--
Tuesday, September 19, 2017;11.57;11.57;11.57;11.57;--
Monday, September 18, 2017;11.59;11.59;11.59;11.59;--
Friday, September 15, 2017;11.51;11.51;11.51;11.51;--
Thursday, September 14, 2017;11.57;11.57;11.57;11.57;--
Wednesday, September 13, 2017;11.60;11.60;11.60;11.60;--
Tuesday, September 12, 2017;11.53;11.53;11.53;11.53;--
Monday, September 11, 2017;11.54;11.54;11.54;11.54;--
Friday, September 08, 2017;11.29;11.29;11.29;11.29;--
Thursday, September 07, 2017;11.37;11.37;11.37;11.37;--
Wednesday, September 06, 2017;11.37;11.37;11.37;11.37;--
Tuesday, September 05, 2017;11.40;11.40;11.40;11.40;--
Monday, September 04, 2017;11.48;11.48;11.48;11.48;--
Friday, September 01, 2017;11.53;11.53;11.53;11.53;--